-- MariaDB dump 10.19  Distrib 10.5.15-MariaDB, for Win64 (AMD64)
--
-- Host: localhost    Database: project_one
-- ------------------------------------------------------
-- Server version	10.5.15-MariaDB-0+deb11u1

/*!40101 SET @OLD_CHARACTER_SET_CLIENT=@@CHARACTER_SET_CLIENT */;
/*!40101 SET @OLD_CHARACTER_SET_RESULTS=@@CHARACTER_SET_RESULTS */;
/*!40101 SET @OLD_COLLATION_CONNECTION=@@COLLATION_CONNECTION */;
/*!40101 SET NAMES utf8 */;
/*!40103 SET @OLD_TIME_ZONE=@@TIME_ZONE */;
/*!40103 SET TIME_ZONE='+00:00' */;
/*!40014 SET @OLD_UNIQUE_CHECKS=@@UNIQUE_CHECKS, UNIQUE_CHECKS=0 */;
/*!40014 SET @OLD_FOREIGN_KEY_CHECKS=@@FOREIGN_KEY_CHECKS, FOREIGN_KEY_CHECKS=0 */;
/*!40101 SET @OLD_SQL_MODE=@@SQL_MODE, SQL_MODE='NO_AUTO_VALUE_ON_ZERO' */;
/*!40111 SET @OLD_SQL_NOTES=@@SQL_NOTES, SQL_NOTES=0 */;

--
-- Table structure for table `acties`
--

DROP TABLE IF EXISTS `acties`;
/*!40101 SET @saved_cs_client     = @@character_set_client */;
/*!40101 SET character_set_client = utf8 */;
CREATE TABLE `acties` (
  `actieid` int(11) NOT NULL AUTO_INCREMENT,
  `actiebeschrijving` varchar(80) DEFAULT NULL,
  PRIMARY KEY (`actieid`)
) ENGINE=InnoDB AUTO_INCREMENT=5 DEFAULT CHARSET=utf8mb4;
/*!40101 SET character_set_client = @saved_cs_client */;

--
-- Dumping data for table `acties`
--

LOCK TABLES `acties` WRITE;
/*!40000 ALTER TABLE `acties` DISABLE KEYS */;
INSERT INTO `acties` VALUES (1,'zonnescherm_open'),(2,'zonnescherm_sluiten');
/*!40000 ALTER TABLE `acties` ENABLE KEYS */;
UNLOCK TABLES;

--
-- Table structure for table `device`
--

DROP TABLE IF EXISTS `device`;
/*!40101 SET @saved_cs_client     = @@character_set_client */;
/*!40101 SET character_set_client = utf8 */;
CREATE TABLE `device` (
  `deviceid` int(11) NOT NULL AUTO_INCREMENT,
  `volledigenaam` varchar(45) NOT NULL,
  `type` varchar(45) DEFAULT NULL,
  `merk` varchar(45) DEFAULT NULL,
  `beschrijving` varchar(250) DEFAULT NULL,
  `aankoopkost` double DEFAULT NULL,
  `meeteenheid` varchar(10) DEFAULT NULL,
  PRIMARY KEY (`deviceid`),
  KEY `idx_naam` (`volledigenaam`)
) ENGINE=InnoDB AUTO_INCREMENT=12 DEFAULT CHARSET=utf8mb4;
/*!40101 SET character_set_client = @saved_cs_client */;

--
-- Dumping data for table `device`
--

LOCK TABLES `device` WRITE;
/*!40000 ALTER TABLE `device` DISABLE KEYS */;
INSERT INTO `device` VALUES (1,'anemometer','sensor','digikey','windsensor',41.38,'m/s'),(2,'light-dependant resistor','sensor',NULL,'lichtsensor',1.95,'lux'),(3,'negative-temperature-coefficient thermistor','sensor',NULL,'temperatuursensor',0.99,'C°'),(4,'stepper motor','actuator',NULL,'motor voor zonnescherm',3.95,NULL);
/*!40000 ALTER TABLE `device` ENABLE KEYS */;
UNLOCK TABLES;

--
-- Table structure for table `historiek`
--

DROP TABLE IF EXISTS `historiek`;
/*!40101 SET @saved_cs_client     = @@character_set_client */;
/*!40101 SET character_set_client = utf8 */;
CREATE TABLE `historiek` (
  `volgnummer` int(11) NOT NULL AUTO_INCREMENT,
  `datum` datetime NOT NULL DEFAULT current_timestamp(),
  `waarde` double DEFAULT NULL,
  `commentaar` varchar(250) DEFAULT NULL,
  `deviceid` int(11) NOT NULL,
  `actieid` int(11) DEFAULT NULL,
  PRIMARY KEY (`volgnummer`,`deviceid`),
  KEY `FK_device_idx` (`deviceid`),
  KEY `FK_actie_idx` (`actieid`),
  CONSTRAINT `FK_actie` FOREIGN KEY (`actieid`) REFERENCES `acties` (`actieid`),
  CONSTRAINT `FK_device` FOREIGN KEY (`deviceid`) REFERENCES `device` (`deviceid`)
) ENGINE=InnoDB AUTO_INCREMENT=765 DEFAULT CHARSET=utf8mb4;
/*!40101 SET character_set_client = @saved_cs_client */;

--
-- Dumping data for table `historiek`
--

LOCK TABLES `historiek` WRITE;
/*!40000 ALTER TABLE `historiek` DISABLE KEYS */;
INSERT INTO `historiek` VALUES (1,'2022-06-05 15:10:10',22.4,NULL,3,NULL),(2,'2022-06-05 15:10:10',4.3,NULL,1,NULL),(3,'2022-06-05 15:10:10',14.511,NULL,2,NULL),(4,'2022-06-05 15:10:10',1,'eerste keer openen',4,1),(5,'2022-06-05 15:11:10',20.4,NULL,3,NULL),(6,'2022-06-05 15:11:10',5.3,NULL,1,NULL),(7,'2022-06-05 15:11:10',13.311,NULL,2,NULL),(8,'2022-06-05 15:11:10',20.31,NULL,3,NULL),(9,'2022-06-05 15:12:10',3.1,NULL,1,NULL),(10,'2022-06-05 15:12:10',14.333,NULL,2,NULL),(11,'2022-06-05 15:13:10',23,NULL,3,NULL),(12,'2022-06-05 15:13:10',6,NULL,1,NULL),(13,'2022-06-05 15:13:10',16,NULL,2,NULL),(14,'2022-06-05 15:14:10',20,NULL,3,NULL),(15,'2022-06-05 15:14:10',2.1,NULL,1,NULL),(16,'2022-06-05 15:14:10',19.331,NULL,2,NULL),(17,'2022-06-05 15:15:10',22,NULL,3,NULL),(18,'2022-06-05 15:15:10',4.3,NULL,1,NULL),(19,'2022-06-05 15:15:10',14.511,NULL,2,NULL),(20,'2022-06-05 15:16:10',22,NULL,3,NULL),(21,'2022-06-05 15:16:10',4,NULL,1,NULL),(22,'2022-06-05 15:16:10',14,NULL,2,NULL),(24,'2022-06-05 15:17:10',7,NULL,1,NULL),(25,'2022-06-05 15:17:10',11,NULL,2,NULL),(26,'2022-06-05 15:18:10',20.3,NULL,3,NULL),(27,'2022-06-05 15:18:10',2.3,NULL,1,NULL),(28,'2022-06-05 15:18:10',7,NULL,2,NULL),(30,'2022-06-05 15:19:10',10,NULL,1,NULL),(31,'2022-06-05 15:19:10',19.511,NULL,2,NULL),(32,'2022-06-05 15:19:10',0,'eerste keer sluiten',4,2),(33,'2022-06-05 15:20:10',18.99,NULL,3,NULL),(34,'2022-06-05 15:20:10',8,NULL,1,NULL),(35,'2022-06-05 15:20:10',8,NULL,2,NULL),(37,'2022-06-05 15:21:10',1.2,NULL,1,NULL),(38,'2022-06-05 15:21:10',9,NULL,2,NULL),(39,'2022-06-05 15:22:10',17.22,NULL,3,NULL),(40,'2022-06-05 15:22:10',1.1,NULL,1,NULL),(41,'2022-06-05 15:22:10',19.033,NULL,2,NULL),(42,'2022-06-05 15:23:10',19.99,NULL,3,NULL),(43,'2022-06-05 15:23:10',1.9,NULL,1,NULL),(44,'2022-06-05 15:23:10',19.133,NULL,2,NULL),(46,'2022-06-05 15:24:10',9.3,NULL,1,NULL),(47,'2022-06-05 15:24:10',15.311,NULL,2,NULL),(49,'2022-06-05 15:25:10',7.4,NULL,1,NULL),(50,'2022-06-05 15:25:10',12.314,NULL,2,NULL),(51,'2022-06-06 15:25:10',14.414,NULL,2,NULL),(59,'2022-05-25 12:09:18',1890,NULL,2,NULL),(60,'2022-05-25 12:09:18',10.4,NULL,1,NULL),(62,'2022-05-25 12:11:18',2313,NULL,2,NULL),(63,'2022-05-25 12:11:18',10.4,NULL,1,NULL),(64,'2022-05-30 13:07:07',20.32,NULL,3,NULL),(65,'2022-05-30 13:07:07',2013,NULL,2,NULL),(66,'2022-05-30 13:07:07',10.4,NULL,1,NULL),(67,'2022-05-30 13:09:07',20.32,NULL,3,NULL),(68,'2022-05-30 13:09:08',1962,NULL,2,NULL),(69,'2022-05-30 13:09:08',10.4,NULL,1,NULL),(70,'2022-05-30 13:12:04',20.43,NULL,3,NULL),(71,'2022-05-30 13:12:04',1890,NULL,2,NULL),(72,'2022-05-30 13:12:04',10.4,NULL,1,NULL),(73,'2022-05-30 13:14:04',20.43,NULL,3,NULL),(74,'2022-05-30 13:14:04',1845,NULL,2,NULL),(75,'2022-05-30 13:14:05',10.4,NULL,1,NULL),(76,'2022-05-30 13:14:14',20.32,NULL,3,NULL),(77,'2022-05-30 13:14:14',1824,NULL,2,NULL),(78,'2022-05-30 13:14:14',10.4,NULL,1,NULL),(79,'2022-05-30 13:16:00',20.32,NULL,3,NULL),(80,'2022-05-30 13:16:00',1782,NULL,2,NULL),(81,'2022-05-30 13:16:00',10.4,NULL,1,NULL),(82,'2022-05-30 13:16:24',20.43,NULL,3,NULL),(83,'2022-05-30 13:16:24',1782,NULL,2,NULL),(84,'2022-05-30 13:16:24',10.4,NULL,1,NULL),(85,'2022-05-30 13:17:24',20.43,NULL,3,NULL),(86,'2022-05-30 13:17:24',1722,NULL,2,NULL),(87,'2022-05-30 13:17:24',10.4,NULL,1,NULL),(88,'2022-05-30 13:18:10',20.21,NULL,3,NULL),(89,'2022-05-30 13:18:10',1722,NULL,2,NULL),(90,'2022-05-30 13:18:10',10.4,NULL,1,NULL),(91,'2022-05-30 13:18:31',20.32,NULL,3,NULL),(92,'2022-05-30 13:18:31',1722,NULL,2,NULL),(93,'2022-05-30 13:18:31',10.4,NULL,1,NULL),(94,'2022-05-30 13:19:35',20.32,NULL,3,NULL),(95,'2022-05-30 13:19:35',1722,NULL,2,NULL),(96,'2022-05-30 13:19:35',10.4,NULL,1,NULL),(97,'2022-05-30 13:19:41',20.32,NULL,3,NULL),(98,'2022-05-30 13:19:41',1722,NULL,2,NULL),(99,'2022-05-30 13:19:41',10.4,NULL,1,NULL),(100,'2022-05-30 13:21:41',20.32,NULL,3,NULL),(101,'2022-05-30 13:21:41',1722,NULL,2,NULL),(102,'2022-05-30 13:21:42',10.4,NULL,1,NULL),(103,'2022-05-30 13:23:42',20.43,NULL,3,NULL),(104,'2022-05-30 13:23:42',1914,NULL,2,NULL),(105,'2022-05-30 13:23:42',10.4,NULL,1,NULL),(106,'2022-05-30 13:25:42',20.32,NULL,3,NULL),(107,'2022-05-30 13:25:42',1914,NULL,2,NULL),(108,'2022-05-30 13:25:42',10.4,NULL,1,NULL),(109,'2022-05-30 13:27:42',20.43,NULL,3,NULL),(110,'2022-05-30 13:27:42',1890,NULL,2,NULL),(111,'2022-05-30 13:27:43',10.4,NULL,1,NULL),(112,'2022-05-30 13:29:43',20.32,NULL,3,NULL),(113,'2022-05-30 13:29:43',1890,NULL,2,NULL),(114,'2022-05-30 13:29:43',10.4,NULL,1,NULL),(115,'2022-05-30 13:30:04',20.32,NULL,3,NULL),(116,'2022-05-30 13:30:04',1867,NULL,2,NULL),(117,'2022-05-30 13:30:04',10.4,NULL,1,NULL),(118,'2022-05-30 13:30:22',20.32,NULL,3,NULL),(119,'2022-05-30 13:30:22',1867,NULL,2,NULL),(120,'2022-05-30 13:30:22',10.4,NULL,1,NULL),(121,'2022-05-30 13:31:08',20.54,NULL,3,NULL),(122,'2022-05-30 13:31:08',1802,NULL,2,NULL),(123,'2022-05-30 13:31:08',10.4,NULL,1,NULL),(124,'2022-05-30 13:31:25',20.43,NULL,3,NULL),(125,'2022-05-30 13:31:25',1824,NULL,2,NULL),(126,'2022-05-30 13:31:25',10.4,NULL,1,NULL),(127,'2022-05-30 13:32:21',20.32,NULL,3,NULL),(128,'2022-05-30 13:32:21',1782,NULL,2,NULL),(129,'2022-05-30 13:32:21',10.4,NULL,1,NULL),(130,'2022-05-30 13:32:52',20.43,NULL,3,NULL),(131,'2022-05-30 13:32:52',1782,NULL,2,NULL),(132,'2022-05-30 13:32:52',10.4,NULL,1,NULL),(133,'2022-05-30 13:33:55',20.32,NULL,3,NULL),(134,'2022-05-30 13:33:55',1782,NULL,2,NULL),(135,'2022-05-30 13:33:55',10.4,NULL,1,NULL),(136,'2022-05-30 13:35:55',20.21,NULL,3,NULL),(137,'2022-05-30 13:35:56',1867,NULL,2,NULL),(138,'2022-05-30 13:35:56',10.4,NULL,1,NULL),(139,'2022-05-30 13:37:56',20.43,NULL,3,NULL),(140,'2022-05-30 13:37:56',2013,NULL,2,NULL),(141,'2022-05-30 13:37:56',10.4,NULL,1,NULL),(142,'2022-05-30 13:39:56',20.75,NULL,3,NULL),(143,'2022-05-30 13:39:56',1987,NULL,2,NULL),(144,'2022-05-30 13:39:56',10.4,NULL,1,NULL),(145,'2022-05-30 13:41:57',20.43,NULL,3,NULL),(146,'2022-05-30 13:41:57',1962,NULL,2,NULL),(147,'2022-05-30 13:41:57',10.4,NULL,1,NULL),(148,'2022-05-30 13:43:57',20.54,NULL,3,NULL),(149,'2022-05-30 13:43:57',1962,NULL,2,NULL),(150,'2022-05-30 13:43:57',10.4,NULL,1,NULL),(151,'2022-05-30 13:45:57',20.86,NULL,3,NULL),(152,'2022-05-30 13:45:58',1938,NULL,2,NULL),(153,'2022-05-30 13:45:58',10.4,NULL,1,NULL),(154,'2022-05-30 13:47:58',20.75,NULL,3,NULL),(155,'2022-05-30 13:47:58',1987,NULL,2,NULL),(156,'2022-05-30 13:47:58',10.4,NULL,1,NULL),(157,'2022-05-30 13:49:58',20.75,NULL,3,NULL),(158,'2022-05-30 13:49:58',2039,NULL,2,NULL),(159,'2022-05-30 13:49:58',10.4,NULL,1,NULL),(160,'2022-05-30 13:51:59',20.75,NULL,3,NULL),(161,'2022-05-30 13:51:59',2153,NULL,2,NULL),(162,'2022-05-30 13:51:59',10.4,NULL,1,NULL),(163,'2022-05-30 13:53:59',20.75,NULL,3,NULL),(164,'2022-05-30 13:53:59',2246,NULL,2,NULL),(165,'2022-05-30 13:53:59',10.4,NULL,1,NULL),(166,'2022-05-30 13:56:00',20.54,NULL,3,NULL),(167,'2022-05-30 13:56:00',2348,NULL,2,NULL),(168,'2022-05-30 13:56:00',10.4,NULL,1,NULL),(169,'2022-05-30 13:58:00',20.64,NULL,3,NULL),(170,'2022-05-30 13:58:00',2385,NULL,2,NULL),(171,'2022-05-30 13:58:00',10.4,NULL,1,NULL),(172,'2022-05-30 14:00:00',20.86,NULL,3,NULL),(173,'2022-05-30 14:00:01',2460,NULL,2,NULL),(174,'2022-05-30 14:00:01',10.4,NULL,1,NULL),(175,'2022-05-30 14:02:01',20.43,NULL,3,NULL),(176,'2022-05-30 14:02:01',2460,NULL,2,NULL),(177,'2022-05-30 14:02:01',10.4,NULL,1,NULL),(178,'2022-05-30 14:04:01',20.75,NULL,3,NULL),(179,'2022-05-30 14:04:01',2500,NULL,2,NULL),(180,'2022-05-30 14:04:01',10.4,NULL,1,NULL),(181,'2022-05-30 14:06:02',20.43,NULL,3,NULL),(182,'2022-05-30 14:06:02',2460,NULL,2,NULL),(183,'2022-05-30 14:06:02',10.4,NULL,1,NULL),(184,'2022-05-30 14:08:02',20.54,NULL,3,NULL),(185,'2022-05-30 14:08:02',2422,NULL,2,NULL),(186,'2022-05-30 14:08:02',10.4,NULL,1,NULL),(187,'2022-05-30 14:10:03',20.54,NULL,3,NULL),(188,'2022-05-30 14:10:03',2460,NULL,2,NULL),(189,'2022-05-30 14:10:03',10.4,NULL,1,NULL),(190,'2022-05-30 14:12:03',20.54,NULL,3,NULL),(191,'2022-05-30 14:12:03',2460,NULL,2,NULL),(192,'2022-05-30 14:12:03',10.4,NULL,1,NULL),(193,'2022-05-30 14:14:03',20.64,NULL,3,NULL),(194,'2022-05-30 14:14:03',2460,NULL,2,NULL),(195,'2022-05-30 14:14:04',10.4,NULL,1,NULL),(196,'2022-05-30 14:16:04',20.75,NULL,3,NULL),(197,'2022-05-30 14:16:04',2460,NULL,2,NULL),(198,'2022-05-30 14:16:04',10.4,NULL,1,NULL),(199,'2022-05-30 14:18:04',20.54,NULL,3,NULL),(200,'2022-05-30 14:18:04',2500,NULL,2,NULL),(201,'2022-05-30 14:18:05',10.4,NULL,1,NULL),(202,'2022-05-30 14:20:05',20.54,NULL,3,NULL),(203,'2022-05-30 14:20:05',2500,NULL,2,NULL),(204,'2022-05-30 14:20:05',10.4,NULL,1,NULL),(205,'2022-05-30 14:22:05',20.54,NULL,3,NULL),(206,'2022-05-30 14:22:05',2500,NULL,2,NULL),(207,'2022-05-30 14:22:05',10.4,NULL,1,NULL),(208,'2022-05-30 14:24:06',20.86,NULL,3,NULL),(209,'2022-05-30 14:24:06',2541,NULL,2,NULL),(210,'2022-05-30 14:24:06',10.4,NULL,1,NULL),(211,'2022-06-07 10:52:23',21.72,NULL,3,NULL),(212,'2022-06-07 10:52:23',1722,NULL,2,NULL),(213,'2022-06-07 10:52:23',0,NULL,1,NULL),(214,'2022-06-07 10:54:23',22.04,NULL,3,NULL),(215,'2022-06-07 10:54:23',1722,NULL,2,NULL),(216,'2022-06-07 10:54:23',0.13,NULL,1,NULL),(217,'2022-06-07 10:56:24',21.72,NULL,3,NULL),(218,'2022-06-07 10:56:24',1649,NULL,2,NULL),(219,'2022-06-07 10:56:24',0.07,NULL,1,NULL),(220,'2022-06-07 10:58:24',21.61,NULL,3,NULL),(221,'2022-06-07 10:58:25',1550,NULL,2,NULL),(222,'2022-06-07 10:58:25',0,NULL,1,NULL),(223,'2022-06-07 11:00:25',21.93,NULL,3,NULL),(224,'2022-06-07 11:00:25',1742,NULL,2,NULL),(225,'2022-06-07 11:00:25',0,NULL,1,NULL),(226,'2022-06-07 11:02:26',21.93,NULL,3,NULL),(227,'2022-06-07 11:02:26',1761,NULL,2,NULL),(228,'2022-06-07 11:02:26',0,NULL,1,NULL),(229,'2022-06-07 11:05:38',21.83,NULL,3,NULL),(230,'2022-06-07 11:05:38',1649,NULL,2,NULL),(231,'2022-06-07 11:05:38',0.07,NULL,1,NULL),(232,'2022-06-07 11:07:38',21.83,NULL,3,NULL),(233,'2022-06-07 11:07:38',1703,NULL,2,NULL),(234,'2022-06-07 11:07:38',0,NULL,1,NULL),(235,'2022-06-07 11:09:39',22.04,NULL,3,NULL),(236,'2022-06-07 11:09:39',1845,NULL,2,NULL),(237,'2022-06-07 11:09:39',0,NULL,1,NULL),(238,'2022-06-07 11:11:40',21.83,NULL,3,NULL),(239,'2022-06-07 11:11:40',1914,NULL,2,NULL),(240,'2022-06-07 11:11:40',0.07,NULL,1,NULL),(241,'2022-06-07 11:13:40',21.83,NULL,3,NULL),(242,'2022-06-07 11:13:41',1938,NULL,2,NULL),(243,'2022-06-07 11:13:41',0,NULL,1,NULL),(244,'2022-06-07 11:15:41',21.93,NULL,3,NULL),(245,'2022-06-07 11:15:41',1845,NULL,2,NULL),(246,'2022-06-07 11:15:42',0,NULL,1,NULL),(247,'2022-06-07 11:17:42',21.83,NULL,3,NULL),(248,'2022-06-07 11:17:42',1703,NULL,2,NULL),(249,'2022-06-07 11:17:42',0,NULL,1,NULL),(250,'2022-06-07 11:19:43',21.72,NULL,3,NULL),(251,'2022-06-07 11:19:43',1742,NULL,2,NULL),(252,'2022-06-07 11:19:43',0,NULL,1,NULL),(253,'2022-06-07 11:21:43',21.93,NULL,3,NULL),(254,'2022-06-07 11:21:44',1761,NULL,2,NULL),(255,'2022-06-07 11:21:44',0,NULL,1,NULL),(256,'2022-06-07 11:23:44',21.83,NULL,3,NULL),(257,'2022-06-07 11:23:44',1824,NULL,2,NULL),(258,'2022-06-07 11:23:45',0.07,NULL,1,NULL),(259,'2022-06-07 11:25:45',22.15,NULL,3,NULL),(260,'2022-06-07 11:25:45',1824,NULL,2,NULL),(261,'2022-06-07 11:25:45',0.07,NULL,1,NULL),(262,'2022-06-07 11:27:46',21.93,NULL,3,NULL),(263,'2022-06-07 11:27:46',1742,NULL,2,NULL),(264,'2022-06-07 11:27:46',0,NULL,1,NULL),(265,'2022-06-07 11:29:46',21.93,NULL,3,NULL),(266,'2022-06-07 11:29:47',1742,NULL,2,NULL),(267,'2022-06-07 11:29:47',0.07,NULL,1,NULL),(268,'2022-06-07 11:31:47',22.26,NULL,3,NULL),(269,'2022-06-07 11:31:47',1462,NULL,2,NULL),(270,'2022-06-07 11:31:47',0.07,NULL,1,NULL),(271,'2022-06-07 11:32:47',21.93,NULL,3,NULL),(272,'2022-06-07 11:32:47',1667,NULL,2,NULL),(273,'2022-06-07 11:32:47',0,NULL,1,NULL),(274,'2022-06-07 11:34:47',21.83,NULL,3,NULL),(275,'2022-06-07 11:34:47',1722,NULL,2,NULL),(276,'2022-06-07 11:34:48',0,NULL,1,NULL),(277,'2022-06-07 11:36:48',21.83,NULL,3,NULL),(278,'2022-06-07 11:36:48',1867,NULL,2,NULL),(279,'2022-06-07 11:36:48',0,NULL,1,NULL),(280,'2022-06-07 11:38:49',21.72,NULL,3,NULL),(281,'2022-06-07 11:38:49',1782,NULL,2,NULL),(282,'2022-06-07 11:38:49',0,NULL,1,NULL),(283,'2022-06-07 11:40:50',21.93,NULL,3,NULL),(284,'2022-06-07 11:40:50',1802,NULL,2,NULL),(285,'2022-06-07 11:40:50',0,NULL,1,NULL),(286,'2022-06-07 11:42:50',21.72,NULL,3,NULL),(287,'2022-06-07 11:42:51',1867,NULL,2,NULL),(288,'2022-06-07 11:42:51',0,NULL,1,NULL),(289,'2022-06-07 11:44:51',21.83,NULL,3,NULL),(290,'2022-06-07 11:44:51',1782,NULL,2,NULL),(291,'2022-06-07 11:44:52',0,NULL,1,NULL),(292,'2022-06-07 11:46:52',21.93,NULL,3,NULL),(293,'2022-06-07 11:46:52',1685,NULL,2,NULL),(294,'2022-06-07 11:46:52',0,NULL,1,NULL),(295,'2022-06-07 11:48:53',21.83,NULL,3,NULL),(296,'2022-06-07 11:48:53',1598,NULL,2,NULL),(297,'2022-06-07 11:48:53',0,NULL,1,NULL),(298,'2022-06-07 11:50:53',21.61,NULL,3,NULL),(299,'2022-06-07 11:50:54',1703,NULL,2,NULL),(300,'2022-06-07 11:50:54',0,NULL,1,NULL),(301,'2022-06-07 11:52:54',21.72,NULL,3,NULL),(302,'2022-06-07 11:52:54',1782,NULL,2,NULL),(303,'2022-06-07 11:52:55',0,NULL,1,NULL),(304,'2022-06-07 11:54:55',21.83,NULL,3,NULL),(305,'2022-06-07 11:54:55',1987,NULL,2,NULL),(306,'2022-06-07 11:54:56',0,NULL,1,NULL),(307,'2022-06-07 11:56:56',21.83,NULL,3,NULL),(308,'2022-06-07 11:56:56',1685,NULL,2,NULL),(309,'2022-06-07 11:56:56',0.13,NULL,1,NULL),(310,'2022-06-07 11:58:57',21.83,NULL,3,NULL),(311,'2022-06-07 11:58:57',1550,NULL,2,NULL),(312,'2022-06-07 11:58:57',0,NULL,1,NULL),(313,'2022-06-07 12:00:57',22.04,NULL,3,NULL),(314,'2022-06-07 12:00:58',1449,NULL,2,NULL),(315,'2022-06-07 12:00:58',0,NULL,1,NULL),(316,'2022-06-07 12:02:58',21.93,NULL,3,NULL),(317,'2022-06-07 12:02:58',1435,NULL,2,NULL),(318,'2022-06-07 12:02:59',0,NULL,1,NULL),(319,'2022-06-07 12:04:59',21.83,NULL,3,NULL),(320,'2022-06-07 12:04:59',1520,NULL,2,NULL),(321,'2022-06-07 12:04:59',0.46,NULL,1,NULL),(322,'2022-06-07 12:07:00',21.93,NULL,3,NULL),(323,'2022-06-07 12:07:00',1685,NULL,2,NULL),(324,'2022-06-07 12:07:00',0,NULL,1,NULL),(325,'2022-06-08 13:41:33',19.78,NULL,3,NULL),(326,'2022-06-08 13:41:33',562,NULL,2,NULL),(328,'2022-06-08 13:43:34',19.89,NULL,3,NULL),(329,'2022-06-08 13:43:34',564,NULL,2,NULL),(331,'2022-06-08 13:45:34',20,NULL,3,NULL),(332,'2022-06-08 13:45:35',544,NULL,2,NULL),(334,'2022-06-08 13:47:35',20,NULL,3,NULL),(335,'2022-06-08 13:47:36',525,NULL,2,NULL),(337,'2022-06-14 13:13:16',22,NULL,3,NULL),(338,'2022-06-14 13:13:16',2588,NULL,2,NULL),(339,'2022-06-14 13:13:16',2.02,NULL,1,NULL),(340,'2022-06-14 13:15:16',25.55,NULL,3,NULL),(341,'2022-06-14 13:15:16',2566,NULL,2,NULL),(342,'2022-06-14 13:15:16',2.09,NULL,1,NULL),(344,'2022-06-14 13:20:16',2588,NULL,2,NULL),(345,'2022-06-14 13:20:16',2.02,NULL,1,NULL),(346,'2022-06-14 13:20:48',22.1,NULL,3,NULL),(347,'2022-06-14 13:20:48',2588,NULL,2,NULL),(348,'2022-06-14 13:20:48',1.89,NULL,1,NULL),(349,'2022-06-14 13:22:48',23.61,NULL,3,NULL),(350,'2022-06-14 13:22:48',2588,NULL,2,NULL),(352,'2022-06-14 13:23:19',2588,NULL,2,NULL),(353,'2022-06-14 13:23:19',1.96,NULL,1,NULL),(355,'2022-06-14 14:38:24',2400,NULL,2,NULL),(356,'2022-06-14 14:38:24',1.89,NULL,1,NULL),(357,'2022-06-14 14:40:24',23.72,NULL,3,NULL),(358,'2022-06-14 14:40:24',2400,NULL,2,NULL),(359,'2022-06-14 14:40:24',2.09,NULL,1,NULL),(360,'2022-06-14 14:42:24',23.72,NULL,3,NULL),(361,'2022-06-14 14:42:25',2400,NULL,2,NULL),(362,'2022-06-14 14:42:25',2.09,NULL,1,NULL),(363,'2022-06-14 14:44:25',23.5,NULL,3,NULL),(364,'2022-06-14 14:44:25',2420,NULL,2,NULL),(365,'2022-06-14 14:44:25',2.09,NULL,1,NULL),(366,'2022-06-14 14:46:26',22.96,NULL,3,NULL),(367,'2022-06-14 14:46:26',2400,NULL,2,NULL),(368,'2022-06-14 14:46:26',2.09,NULL,1,NULL),(369,'2022-06-14 14:48:26',22.96,NULL,3,NULL),(370,'2022-06-14 14:48:26',2400,NULL,2,NULL),(371,'2022-06-14 14:48:26',1.83,NULL,1,NULL),(372,'2022-06-14 14:50:27',22.96,NULL,3,NULL),(373,'2022-06-14 14:50:27',2400,NULL,2,NULL),(374,'2022-06-14 14:50:27',2.09,NULL,1,NULL),(375,'2022-06-14 14:52:27',22.21,NULL,3,NULL),(376,'2022-06-14 14:52:27',2362,NULL,2,NULL),(377,'2022-06-14 14:52:28',2.09,NULL,1,NULL),(378,'2022-06-14 14:54:28',22.96,NULL,3,NULL),(379,'2022-06-14 14:54:28',2343,NULL,2,NULL),(380,'2022-06-14 14:54:28',2.09,NULL,1,NULL),(381,'2022-06-14 14:56:29',22.43,NULL,3,NULL),(382,'2022-06-14 14:56:29',2400,NULL,2,NULL),(383,'2022-06-14 14:56:29',2.09,NULL,1,NULL),(384,'2022-06-14 15:35:37',21.67,NULL,3,NULL),(385,'2022-06-14 15:35:37',2307,NULL,2,NULL),(386,'2022-06-14 15:35:37',2.55,NULL,1,NULL),(387,'2022-06-14 15:37:38',22,NULL,3,NULL),(388,'2022-06-14 15:37:38',2272,NULL,2,NULL),(389,'2022-06-14 15:37:38',2.09,NULL,1,NULL),(390,'2022-06-14 15:39:38',22,NULL,3,NULL),(391,'2022-06-14 15:39:38',2272,NULL,2,NULL),(392,'2022-06-14 15:39:38',2.09,NULL,1,NULL),(393,'2022-06-14 15:41:38',22,NULL,3,NULL),(394,'2022-06-14 15:41:39',2272,NULL,2,NULL),(395,'2022-06-14 15:41:39',2.22,NULL,1,NULL),(396,'2022-06-14 15:43:39',22.1,NULL,3,NULL),(397,'2022-06-14 15:43:39',2362,NULL,2,NULL),(398,'2022-06-14 15:43:39',2.09,NULL,1,NULL),(400,'2022-06-14 16:03:43',2480,NULL,2,NULL),(401,'2022-06-14 16:03:43',2.02,NULL,1,NULL),(402,'2022-06-14 16:19:15',22.1,NULL,3,NULL),(403,'2022-06-14 16:19:15',2343,NULL,2,NULL),(404,'2022-06-14 16:19:15',2.09,NULL,1,NULL),(405,'2022-06-14 16:20:03',22.1,NULL,3,NULL),(406,'2022-06-14 16:20:03',2307,NULL,2,NULL),(407,'2022-06-14 16:20:04',2.09,NULL,1,NULL),(408,'2022-06-14 16:21:07',22.43,NULL,3,NULL),(409,'2022-06-14 16:21:07',2522,NULL,2,NULL),(410,'2022-06-14 16:21:07',2.09,NULL,1,NULL),(411,'2022-06-14 16:23:08',22.1,NULL,3,NULL),(412,'2022-06-14 16:23:08',2657,NULL,2,NULL),(413,'2022-06-14 16:23:08',2.22,NULL,1,NULL),(414,'2022-06-14 16:23:15',22.43,NULL,3,NULL),(415,'2022-06-14 16:23:15',2657,NULL,2,NULL),(416,'2022-06-14 16:23:15',2.22,NULL,1,NULL),(417,'2022-06-14 16:23:58',22.43,NULL,3,NULL),(418,'2022-06-14 16:23:58',2657,NULL,2,NULL),(419,'2022-06-14 16:23:59',2.09,NULL,1,NULL),(420,'2022-06-14 16:24:10',22.43,NULL,3,NULL),(421,'2022-06-14 16:24:10',2657,NULL,2,NULL),(422,'2022-06-14 16:24:11',2.09,NULL,1,NULL),(423,'2022-06-14 16:26:01',22.43,NULL,3,NULL),(424,'2022-06-14 16:26:02',2705,NULL,2,NULL),(425,'2022-06-14 16:26:02',2.22,NULL,1,NULL),(426,'2022-06-14 16:28:02',22.21,NULL,3,NULL),(427,'2022-06-14 16:28:02',2756,NULL,2,NULL),(428,'2022-06-14 16:28:02',2.22,NULL,1,NULL),(429,'2022-06-14 16:29:13',23.4,NULL,3,NULL),(430,'2022-06-14 16:29:13',2756,NULL,2,NULL),(431,'2022-06-14 16:29:13',2.29,NULL,1,NULL),(432,'2022-06-14 16:30:19',22.96,NULL,3,NULL),(433,'2022-06-14 16:30:20',2756,NULL,2,NULL),(434,'2022-06-14 16:30:20',2.22,NULL,1,NULL),(435,'2022-06-14 16:31:35',22.96,NULL,3,NULL),(436,'2022-06-14 16:31:35',2781,NULL,2,NULL),(437,'2022-06-14 16:31:35',2.22,NULL,1,NULL),(438,'2022-06-14 16:32:28',23.4,NULL,3,NULL),(439,'2022-06-14 16:32:28',2756,NULL,2,NULL),(440,'2022-06-14 16:32:28',2.22,NULL,1,NULL),(441,'2022-06-14 16:34:04',22.96,NULL,3,NULL),(442,'2022-06-14 16:34:04',2756,NULL,2,NULL),(443,'2022-06-14 16:34:04',2.29,NULL,1,NULL),(444,'2022-06-14 16:35:07',22.43,NULL,3,NULL),(445,'2022-06-14 16:35:07',2705,NULL,2,NULL),(446,'2022-06-14 16:35:07',2.22,NULL,1,NULL),(447,'2022-06-14 16:36:42',22.43,NULL,3,NULL),(448,'2022-06-14 16:36:42',2681,NULL,2,NULL),(449,'2022-06-14 16:36:43',2.22,NULL,1,NULL),(450,'2022-06-14 16:37:17',22.43,NULL,3,NULL),(451,'2022-06-14 16:37:17',2681,NULL,2,NULL),(452,'2022-06-14 16:37:17',2.22,NULL,1,NULL),(453,'2022-06-14 16:39:17',22.43,NULL,3,NULL),(454,'2022-06-14 16:39:18',2681,NULL,2,NULL),(455,'2022-06-14 16:39:18',2.09,NULL,1,NULL),(457,'2022-06-14 21:07:29',291,NULL,2,NULL),(458,'2022-06-14 21:07:29',2.29,NULL,1,NULL),(459,'2022-06-14 21:09:29',16.94,NULL,3,NULL),(460,'2022-06-14 21:09:30',291,NULL,2,NULL),(461,'2022-06-14 21:09:30',0.2,NULL,1,NULL),(462,'2022-06-14 21:11:30',18.66,NULL,3,NULL),(463,'2022-06-14 21:11:30',291,NULL,2,NULL),(464,'2022-06-14 21:11:30',0.2,NULL,1,NULL),(465,'2022-06-14 21:13:31',16.94,NULL,3,NULL),(466,'2022-06-14 21:13:31',291,NULL,2,NULL),(467,'2022-06-14 21:13:31',0.2,NULL,1,NULL),(468,'2022-06-14 21:15:31',16.94,NULL,3,NULL),(469,'2022-06-14 21:15:32',291,NULL,2,NULL),(470,'2022-06-14 21:15:32',0.2,NULL,1,NULL),(471,'2022-06-14 21:17:32',16.94,NULL,3,NULL),(472,'2022-06-14 21:17:32',291,NULL,2,NULL),(473,'2022-06-14 21:17:33',0.2,NULL,1,NULL),(474,'2022-06-14 21:19:33',18.66,NULL,3,NULL),(475,'2022-06-14 21:19:33',291,NULL,2,NULL),(476,'2022-06-14 21:19:33',0.2,NULL,1,NULL),(477,'2022-06-14 21:21:34',18.66,NULL,3,NULL),(478,'2022-06-14 21:21:34',291,NULL,2,NULL),(479,'2022-06-14 21:21:34',0.2,NULL,1,NULL),(480,'2022-06-14 21:23:35',18.66,NULL,3,NULL),(481,'2022-06-14 21:23:35',291,NULL,2,NULL),(482,'2022-06-14 21:23:35',0.2,NULL,1,NULL),(483,'2022-06-14 21:25:35',18.66,NULL,3,NULL),(484,'2022-06-14 21:25:36',291,NULL,2,NULL),(485,'2022-06-14 21:25:36',0.2,NULL,1,NULL),(486,'2022-06-14 21:27:36',16.94,NULL,3,NULL),(487,'2022-06-14 21:27:36',291,NULL,2,NULL),(488,'2022-06-14 21:27:37',0.46,NULL,1,NULL),(489,'2022-06-14 21:29:37',18.66,NULL,3,NULL),(490,'2022-06-14 21:29:37',291,NULL,2,NULL),(491,'2022-06-14 21:29:37',0.2,NULL,1,NULL),(492,'2022-06-14 21:31:38',18.66,NULL,3,NULL),(493,'2022-06-14 21:31:38',291,NULL,2,NULL),(494,'2022-06-14 21:31:38',0.2,NULL,1,NULL),(495,'2022-06-14 21:33:38',18.66,NULL,3,NULL),(496,'2022-06-14 21:33:39',291,NULL,2,NULL),(497,'2022-06-14 21:33:39',0.2,NULL,1,NULL),(498,'2022-06-14 21:35:39',18.66,NULL,3,NULL),(499,'2022-06-14 21:35:39',291,NULL,2,NULL),(500,'2022-06-14 21:35:40',0.2,NULL,1,NULL),(501,'2022-06-14 21:37:40',18.66,NULL,3,NULL),(502,'2022-06-14 21:37:40',291,NULL,2,NULL),(503,'2022-06-14 21:37:41',0.2,NULL,1,NULL),(504,'2022-06-14 21:39:41',16.94,NULL,3,NULL),(505,'2022-06-14 21:39:41',291,NULL,2,NULL),(506,'2022-06-14 21:39:41',0.2,NULL,1,NULL),(507,'2022-06-14 21:41:42',18.66,NULL,3,NULL),(508,'2022-06-14 21:41:42',291,NULL,2,NULL),(509,'2022-06-14 21:41:42',0.2,NULL,1,NULL),(510,'2022-06-14 21:43:42',18.66,NULL,3,NULL),(511,'2022-06-14 21:43:42',291,NULL,2,NULL),(512,'2022-06-14 21:43:43',0.2,NULL,1,NULL),(513,'2022-06-14 21:45:43',18.66,NULL,3,NULL),(514,'2022-06-14 21:45:43',291,NULL,2,NULL),(515,'2022-06-14 21:45:43',0.2,NULL,1,NULL),(516,'2022-06-14 21:47:44',18.66,NULL,3,NULL),(517,'2022-06-14 21:47:44',291,NULL,2,NULL),(518,'2022-06-14 21:47:44',0.2,NULL,1,NULL),(519,'2022-06-14 21:49:44',18.66,NULL,3,NULL),(520,'2022-06-14 21:49:44',291,NULL,2,NULL),(521,'2022-06-14 21:49:45',0.2,NULL,1,NULL),(522,'2022-06-14 21:51:45',18.66,NULL,3,NULL),(523,'2022-06-14 21:51:45',291,NULL,2,NULL),(524,'2022-06-14 21:51:45',0.2,NULL,1,NULL),(525,'2022-06-14 21:53:46',18.66,NULL,3,NULL),(526,'2022-06-14 21:53:46',291,NULL,2,NULL),(527,'2022-06-14 21:53:46',0.2,NULL,1,NULL),(528,'2022-06-14 21:55:47',18.66,NULL,3,NULL),(529,'2022-06-14 21:55:47',291,NULL,2,NULL),(530,'2022-06-14 21:55:47',0.2,NULL,1,NULL),(531,'2022-06-14 21:56:56',18.66,NULL,3,NULL),(532,'2022-06-14 21:56:56',291,NULL,2,NULL),(533,'2022-06-14 21:56:57',2.22,NULL,1,NULL),(534,'2022-06-14 21:58:57',18.66,NULL,3,NULL),(535,'2022-06-14 21:58:57',291,NULL,2,NULL),(536,'2022-06-14 21:58:57',0.72,NULL,1,NULL),(537,'2022-06-14 22:00:58',18.66,NULL,3,NULL),(538,'2022-06-14 22:00:58',291,NULL,2,NULL),(539,'2022-06-14 22:00:58',0.2,NULL,1,NULL),(540,'2022-06-14 22:02:10',18.66,NULL,3,NULL),(541,'2022-06-14 22:02:10',291,NULL,2,NULL),(542,'2022-06-14 22:02:11',2.29,NULL,1,NULL),(543,'2022-06-14 22:04:11',18.66,NULL,3,NULL),(544,'2022-06-14 22:04:11',291,NULL,2,NULL),(545,'2022-06-14 22:04:11',2.29,NULL,1,NULL),(546,'2022-06-14 22:06:12',18.66,NULL,3,NULL),(547,'2022-06-14 22:06:12',291,NULL,2,NULL),(548,'2022-06-14 22:06:12',0.2,NULL,1,NULL),(549,'2022-06-14 22:09:20',18.66,NULL,3,NULL),(550,'2022-06-14 22:09:20',291,NULL,2,NULL),(551,'2022-06-14 22:09:20',2.22,NULL,1,NULL),(552,'2022-06-14 22:11:21',18.66,NULL,3,NULL),(553,'2022-06-14 22:11:21',291,NULL,2,NULL),(554,'2022-06-14 22:11:21',0.2,NULL,1,NULL),(555,'2022-06-14 22:13:21',18.66,NULL,3,NULL),(556,'2022-06-14 22:13:22',291,NULL,2,NULL),(557,'2022-06-14 22:13:22',0.2,NULL,1,NULL),(558,'2022-06-14 22:15:22',18.66,NULL,3,NULL),(559,'2022-06-14 22:15:22',291,NULL,2,NULL),(560,'2022-06-14 22:15:23',0.2,NULL,1,NULL),(561,'2022-06-14 22:17:06',18.66,NULL,3,NULL),(562,'2022-06-14 22:17:07',291,NULL,2,NULL),(563,'2022-06-14 22:17:07',2.22,NULL,1,NULL),(564,'2022-06-14 22:19:07',18.66,NULL,3,NULL),(565,'2022-06-14 22:19:07',291,NULL,2,NULL),(566,'2022-06-14 22:19:08',0.2,NULL,1,NULL),(567,'2022-06-14 22:21:08',20.38,NULL,3,NULL),(568,'2022-06-14 22:21:08',291,NULL,2,NULL),(569,'2022-06-14 22:21:08',0.2,NULL,1,NULL),(570,'2022-06-14 22:23:08',18.66,NULL,3,NULL),(571,'2022-06-14 22:23:09',291,NULL,2,NULL),(572,'2022-06-14 22:23:09',0.2,NULL,1,NULL),(573,'2022-06-14 22:25:09',18.66,NULL,3,NULL),(574,'2022-06-14 22:25:10',291,NULL,2,NULL),(575,'2022-06-14 22:25:10',0.2,NULL,1,NULL),(577,'2022-06-14 22:25:25',291,NULL,2,NULL),(578,'2022-06-14 22:25:25',2.22,NULL,1,NULL),(579,'2022-06-14 22:25:40',23.76,NULL,3,NULL),(580,'2022-06-14 22:25:40',291,NULL,2,NULL),(581,'2022-06-14 22:25:40',2.22,NULL,1,NULL),(582,'2022-06-14 22:26:31',22.03,NULL,3,NULL),(583,'2022-06-14 22:26:31',291,NULL,2,NULL),(584,'2022-06-14 22:26:31',2.29,NULL,1,NULL),(585,'2022-06-14 22:28:31',21.2,NULL,3,NULL),(586,'2022-06-14 22:28:32',291,NULL,2,NULL),(587,'2022-06-14 22:28:32',0.2,NULL,1,NULL),(588,'2022-06-14 22:30:32',20.36,NULL,3,NULL),(589,'2022-06-14 22:30:32',291,NULL,2,NULL),(590,'2022-06-14 22:30:33',0.2,NULL,1,NULL),(591,'2022-06-15 09:14:59',18.7,NULL,3,NULL),(592,'2022-06-15 09:14:59',291,NULL,2,NULL),(593,'2022-06-15 09:15:00',2.22,NULL,1,NULL),(595,'2022-06-15 09:17:00',0,NULL,2,NULL),(597,'2022-06-15 11:21:12',23.6,NULL,3,NULL),(598,'2022-06-15 11:21:13',2834,NULL,2,NULL),(599,'2022-06-15 11:21:13',2.09,NULL,1,NULL),(600,'2022-06-15 11:23:13',23.6,NULL,3,NULL),(601,'2022-06-15 11:23:14',2862,NULL,2,NULL),(602,'2022-06-15 11:23:14',2.09,NULL,1,NULL),(603,'2022-06-15 11:25:14',23.6,NULL,3,NULL),(604,'2022-06-15 11:25:14',2862,NULL,2,NULL),(605,'2022-06-15 11:25:15',2.09,NULL,1,NULL),(606,'2022-06-15 11:27:15',23.6,NULL,3,NULL),(607,'2022-06-15 11:27:15',2862,NULL,2,NULL),(608,'2022-06-15 11:27:15',2.09,NULL,1,NULL),(609,'2022-06-15 11:29:16',23.6,NULL,3,NULL),(610,'2022-06-15 11:29:16',2272,NULL,2,NULL),(611,'2022-06-15 11:29:16',1.76,NULL,1,NULL),(612,'2022-06-15 11:31:17',23.6,NULL,3,NULL),(613,'2022-06-15 11:31:17',2889,NULL,2,NULL),(614,'2022-06-15 11:31:17',2.09,NULL,1,NULL),(615,'2022-06-15 11:33:18',23.6,NULL,3,NULL),(616,'2022-06-15 11:33:18',2834,NULL,2,NULL),(617,'2022-06-15 11:33:18',2.09,NULL,1,NULL),(618,'2022-06-15 11:35:18',23.6,NULL,3,NULL),(619,'2022-06-15 11:35:18',2834,NULL,2,NULL),(620,'2022-06-15 11:35:18',2.22,NULL,1,NULL),(621,'2022-06-15 11:37:18',23.6,NULL,3,NULL),(622,'2022-06-15 11:37:18',2834,NULL,2,NULL),(623,'2022-06-15 11:37:19',2.22,NULL,1,NULL),(624,'2022-06-15 11:39:19',23.6,NULL,3,NULL),(625,'2022-06-15 11:39:19',2781,NULL,2,NULL),(626,'2022-06-15 11:39:19',2.09,NULL,1,NULL),(627,'2022-06-15 11:41:20',23.6,NULL,3,NULL),(628,'2022-06-15 11:41:20',2781,NULL,2,NULL),(629,'2022-06-15 11:41:20',2.09,NULL,1,NULL),(630,'2022-06-15 11:43:20',23.6,NULL,3,NULL),(631,'2022-06-15 11:43:21',2834,NULL,2,NULL),(632,'2022-06-15 11:43:21',2.09,NULL,1,NULL),(633,'2022-06-15 11:45:21',23.6,NULL,3,NULL),(634,'2022-06-15 11:45:21',2834,NULL,2,NULL),(635,'2022-06-15 11:45:22',2.09,NULL,1,NULL),(636,'2022-06-15 11:47:22',23.6,NULL,3,NULL),(637,'2022-06-15 11:47:22',2834,NULL,2,NULL),(638,'2022-06-15 11:47:23',2.09,NULL,1,NULL),(639,'2022-06-15 11:49:23',23.6,NULL,3,NULL),(640,'2022-06-15 11:49:23',2834,NULL,2,NULL),(641,'2022-06-15 11:49:23',2.09,NULL,1,NULL),(642,'2022-06-15 11:51:24',24.54,NULL,3,NULL),(643,'2022-06-15 11:51:24',2781,NULL,2,NULL),(644,'2022-06-15 11:51:24',2.09,NULL,1,NULL),(645,'2022-06-15 11:53:24',23.6,NULL,3,NULL),(646,'2022-06-15 11:53:25',2781,NULL,2,NULL),(647,'2022-06-15 11:53:25',2.09,NULL,1,NULL),(648,'2022-06-15 11:55:25',23.6,NULL,3,NULL),(649,'2022-06-15 11:55:26',2756,NULL,2,NULL),(650,'2022-06-15 11:55:26',2.09,NULL,1,NULL),(651,'2022-06-15 11:57:26',23.6,NULL,3,NULL),(652,'2022-06-15 11:57:26',2756,NULL,2,NULL),(653,'2022-06-15 11:57:26',1.89,NULL,1,NULL),(654,'2022-06-15 11:59:27',23.7,NULL,3,NULL),(655,'2022-06-15 11:59:27',2756,NULL,2,NULL),(656,'2022-06-15 11:59:27',2.22,NULL,1,NULL),(657,'2022-06-15 12:01:28',23.6,NULL,3,NULL),(658,'2022-06-15 12:01:28',2756,NULL,2,NULL),(659,'2022-06-15 12:01:28',2.09,NULL,1,NULL),(660,'2022-06-15 12:03:28',23.7,NULL,3,NULL),(661,'2022-06-15 12:03:29',2756,NULL,2,NULL),(662,'2022-06-15 12:03:29',2.22,NULL,1,NULL),(663,'2022-06-15 12:05:29',23.6,NULL,3,NULL),(664,'2022-06-15 12:05:29',2756,NULL,2,NULL),(665,'2022-06-15 12:05:30',2.09,NULL,1,NULL),(666,'2022-06-15 12:07:30',23.7,NULL,3,NULL),(667,'2022-06-15 12:07:30',2756,NULL,2,NULL),(668,'2022-06-15 12:07:30',2.09,NULL,1,NULL),(669,'2022-06-15 12:09:30',23.6,NULL,3,NULL),(670,'2022-06-15 12:09:31',2756,NULL,2,NULL),(671,'2022-06-15 12:09:31',2.09,NULL,1,NULL),(672,'2022-06-15 12:11:31',23.7,NULL,3,NULL),(673,'2022-06-15 12:11:31',2756,NULL,2,NULL),(674,'2022-06-15 12:11:32',2.09,NULL,1,NULL),(675,'2022-06-15 12:13:32',23.7,NULL,3,NULL),(676,'2022-06-15 12:13:32',2756,NULL,2,NULL),(677,'2022-06-15 12:13:33',2.09,NULL,1,NULL),(678,'2022-06-15 12:15:33',23.7,NULL,3,NULL),(679,'2022-06-15 12:15:33',2756,NULL,2,NULL),(680,'2022-06-15 12:15:33',2.22,NULL,1,NULL),(681,'2022-06-15 12:17:34',23.7,NULL,3,NULL),(682,'2022-06-15 12:17:34',2756,NULL,2,NULL),(683,'2022-06-15 12:17:34',2.22,NULL,1,NULL),(684,'2022-06-15 12:19:34',23.7,NULL,3,NULL),(685,'2022-06-15 12:19:35',2756,NULL,2,NULL),(686,'2022-06-15 12:19:35',2.09,NULL,1,NULL),(687,'2022-06-15 12:21:35',23.7,NULL,3,NULL),(688,'2022-06-15 12:21:36',2756,NULL,2,NULL),(689,'2022-06-15 12:21:36',2.09,NULL,1,NULL),(690,'2022-06-15 12:23:36',23.6,NULL,3,NULL),(691,'2022-06-15 12:23:36',2756,NULL,2,NULL),(692,'2022-06-15 12:23:37',2.22,NULL,1,NULL),(693,'2022-06-15 12:25:37',23.7,NULL,3,NULL),(694,'2022-06-15 12:25:37',2756,NULL,2,NULL),(695,'2022-06-15 12:25:37',2.09,NULL,1,NULL),(696,'2022-06-15 12:27:38',23.7,NULL,3,NULL),(697,'2022-06-15 12:27:38',2756,NULL,2,NULL),(698,'2022-06-15 12:27:38',2.09,NULL,1,NULL),(699,'2022-06-15 12:29:38',23.7,NULL,3,NULL),(700,'2022-06-15 12:29:39',2756,NULL,2,NULL),(701,'2022-06-15 12:29:39',2.09,NULL,1,NULL),(702,'2022-06-15 12:31:39',23.7,NULL,3,NULL),(703,'2022-06-15 12:31:40',2756,NULL,2,NULL),(704,'2022-06-15 12:31:40',2.09,NULL,1,NULL),(705,'2022-06-15 12:33:40',23.6,NULL,3,NULL),(706,'2022-06-15 12:33:40',2756,NULL,2,NULL),(707,'2022-06-15 12:33:41',2.09,NULL,1,NULL),(708,'2022-06-15 12:35:41',23.7,NULL,3,NULL),(709,'2022-06-15 12:35:41',2756,NULL,2,NULL),(710,'2022-06-15 12:35:41',2.09,NULL,1,NULL),(711,'2022-06-15 12:37:42',23.7,NULL,3,NULL),(712,'2022-06-15 12:37:42',2756,NULL,2,NULL),(713,'2022-06-15 12:37:42',2.09,NULL,1,NULL),(714,'2022-06-15 12:39:42',24.54,NULL,3,NULL),(715,'2022-06-15 12:39:43',2834,NULL,2,NULL),(716,'2022-06-15 12:39:43',2.09,NULL,1,NULL),(717,'2022-06-15 12:41:43',24.01,NULL,3,NULL),(718,'2022-06-15 12:41:43',2834,NULL,2,NULL),(719,'2022-06-15 12:41:43',2.09,NULL,1,NULL),(720,'2022-06-15 12:43:44',23.7,NULL,3,NULL),(721,'2022-06-15 12:43:44',2862,NULL,2,NULL),(722,'2022-06-15 12:43:44',2.09,NULL,1,NULL),(723,'2022-06-15 12:45:45',24.54,NULL,3,NULL),(724,'2022-06-15 12:45:45',2862,NULL,2,NULL),(725,'2022-06-15 12:45:45',2.09,NULL,1,NULL),(726,'2022-06-15 12:46:31',23.81,NULL,3,NULL),(727,'2022-06-15 12:46:31',2862,NULL,2,NULL),(728,'2022-06-15 12:46:31',2.09,NULL,1,NULL),(729,'2022-06-15 12:46:43',23.81,NULL,3,NULL),(730,'2022-06-15 12:46:43',2862,NULL,2,NULL),(731,'2022-06-15 12:46:43',2.09,NULL,1,NULL),(732,'2022-06-15 12:47:53',23.81,NULL,3,NULL),(733,'2022-06-15 12:47:53',2862,NULL,2,NULL),(734,'2022-06-15 12:47:54',2.09,NULL,1,NULL),(735,'2022-06-15 12:48:02',23.81,NULL,3,NULL),(736,'2022-06-15 12:48:02',2862,NULL,2,NULL),(737,'2022-06-15 12:48:02',2.09,NULL,1,NULL),(738,'2022-06-15 13:34:53',24.54,NULL,3,NULL),(739,'2022-06-15 13:34:53',2781,NULL,2,NULL),(740,'2022-06-15 13:34:53',2.22,NULL,1,NULL),(741,'2022-06-15 13:36:53',24.54,NULL,3,NULL),(742,'2022-06-15 13:36:53',2781,NULL,2,NULL),(743,'2022-06-15 13:36:54',2.22,NULL,1,NULL),(744,'2022-06-15 13:38:54',24.54,NULL,3,NULL),(745,'2022-06-15 13:38:54',2781,NULL,2,NULL),(746,'2022-06-15 13:38:54',2.09,NULL,1,NULL),(747,'2022-06-15 13:40:55',24.54,NULL,3,NULL),(748,'2022-06-15 13:40:55',2756,NULL,2,NULL),(749,'2022-06-15 13:40:55',2.09,NULL,1,NULL),(750,'2022-06-15 13:42:56',24.54,NULL,3,NULL),(751,'2022-06-15 13:42:56',2756,NULL,2,NULL),(752,'2022-06-15 13:42:56',2.09,NULL,1,NULL),(753,'2022-06-15 13:44:56',24.54,NULL,3,NULL),(754,'2022-06-15 13:44:57',2756,NULL,2,NULL),(755,'2022-06-15 13:44:57',2.09,NULL,1,NULL),(756,'2022-06-15 13:46:57',24.54,NULL,3,NULL),(757,'2022-06-15 13:46:58',2781,NULL,2,NULL),(758,'2022-06-15 13:46:58',2.22,NULL,1,NULL),(759,'2022-06-15 13:48:58',24.54,NULL,3,NULL),(760,'2022-06-15 13:48:58',2834,NULL,2,NULL),(761,'2022-06-15 13:48:59',2.09,NULL,1,NULL),(762,'2022-06-15 13:50:59',24.95,NULL,3,NULL),(763,'2022-06-15 13:50:59',2834,NULL,2,NULL),(764,'2022-06-15 13:50:59',2.09,NULL,1,NULL);
/*!40000 ALTER TABLE `historiek` ENABLE KEYS */;
UNLOCK TABLES;

--
-- Table structure for table `parameters`
--

DROP TABLE IF EXISTS `parameters`;
/*!40101 SET @saved_cs_client     = @@character_set_client */;
/*!40101 SET character_set_client = utf8 */;
CREATE TABLE `parameters` (
  `parid` int(11) NOT NULL,
  `waarde` varchar(45) DEFAULT NULL,
  `deviceid` int(11) DEFAULT NULL,
  PRIMARY KEY (`parid`),
  KEY `fk_parameters_device_idx` (`deviceid`),
  CONSTRAINT `fk_parameters_device` FOREIGN KEY (`deviceid`) REFERENCES `device` (`deviceid`) ON DELETE NO ACTION ON UPDATE NO ACTION
) ENGINE=InnoDB DEFAULT CHARSET=utf8mb4;
/*!40101 SET character_set_client = @saved_cs_client */;

--
-- Dumping data for table `parameters`
--

LOCK TABLES `parameters` WRITE;
/*!40000 ALTER TABLE `parameters` DISABLE KEYS */;
INSERT INTO `parameters` VALUES (1,'4',1),(2,'2000',2),(3,'19',3),(4,'123',NULL);
/*!40000 ALTER TABLE `parameters` ENABLE KEYS */;
UNLOCK TABLES;
/*!40103 SET TIME_ZONE=@OLD_TIME_ZONE */;

/*!40101 SET SQL_MODE=@OLD_SQL_MODE */;
/*!40014 SET FOREIGN_KEY_CHECKS=@OLD_FOREIGN_KEY_CHECKS */;
/*!40014 SET UNIQUE_CHECKS=@OLD_UNIQUE_CHECKS */;
/*!40101 SET CHARACTER_SET_CLIENT=@OLD_CHARACTER_SET_CLIENT */;
/*!40101 SET CHARACTER_SET_RESULTS=@OLD_CHARACTER_SET_RESULTS */;
/*!40101 SET COLLATION_CONNECTION=@OLD_COLLATION_CONNECTION */;
/*!40111 SET SQL_NOTES=@OLD_SQL_NOTES */;

-- Dump completed on 2022-06-15 13:52:36
